{
  "roc_auc": 0.6814058378938038,
  "pr_auc": 0.15741549490185353
}